Fname0,Lname0,1458229867777741344,,
Fname1,Lname1,8209708485555539602,,
Fname2,Lname2,8592667379494637221,,
Fname3,Lname3,6339886370958419219,,
Fname4,Lname4,6571352337318584947,,
Fname5,Lname5,8535056631589325031,,
Fname6,Lname6,6467680266327018368,,
Fname7,Lname7,7331253864011949493,,
Fname8,Lname8,7533462309903900935,,
Fname9,Lname9,876837649652205216,,
Fname10,Lname10,427602676741986853,,
Fname11,Lname11,2363805850019454027,,
Fname12,Lname12,4121706838291340872,,
Fname13,Lname13,2071169027403110969,,
Fname14,Lname14,3739718949913264975,,
Fname15,Lname15,8728790925829080125,,
Fname16,Lname16,3846964345713344319,,
Fname17,Lname17,4712275820378777863,,
Fname18,Lname18,840718223717784781,,
Fname19,Lname19,3568511698530595908,,
Fname20,Lname20,1721116076737613054,,
Fname21,Lname21,4286389480615315241,,
Fname22,Lname22,3621266914516178882,,
Fname23,Lname23,8464132889968914328,,
Fname24,Lname24,2115217450304886564,,
Fname25,Lname25,5809627092270690883,,
Fname26,Lname26,3397290155198954662,,
Fname27,Lname27,7966602185332404708,,
Fname28,Lname28,2605610320459335956,,
Fname29,Lname29,6198522190602791324,,
Fname30,Lname30,5965259206321869711,,
Fname31,Lname31,7393044075429146933,,
Fname32,Lname32,5288747106987873212,,
Fname33,Lname33,4583503107072806511,,
Fname34,Lname34,2754004338540960504,,
Fname35,Lname35,172200465926713009,,
Fname36,Lname36,49461573146499135,,
Fname37,Lname37,2660737795429599107,,
Fname38,Lname38,8798599723195275813,,
Fname39,Lname39,3632394654031376167,,
Fname40,Lname40,3902905579736921931,,
Fname41,Lname41,5652002881215795287,,
Fname42,Lname42,3030954040757007607,,
Fname43,Lname43,3304382186222072211,,
Fname44,Lname44,4958417441514293791,,
Fname45,Lname45,2449697015300069188,,
Fname46,Lname46,3993310795021062867,,
Fname47,Lname47,4308507805210837041,,
Fname48,Lname48,587325292839980334,,
Fname49,Lname49,7749734361299397417,,
Fname50,Lname50,957641795055523139,,
Fname51,Lname51,7826469514833619023,,
Fname52,Lname52,6489427144381563045,,
Fname53,Lname53,1128028815860148915,,
Fname54,Lname54,1760425522712920055,,
Fname55,Lname55,7598566734231159827,,
Fname56,Lname56,3886804352085788848,,
Fname57,Lname57,2803191797962408404,,
Fname58,Lname58,1033381959476179581,,
Fname59,Lname59,3109714915288050546,,
Fname60,Lname60,7245210905809011370,,
Fname61,Lname61,4791051329751841055,,
Fname62,Lname62,8233467139745530592,,
Fname63,Lname63,6005782360206895386,,
Fname64,Lname64,2816048535735906203,,
Fname65,Lname65,3040341115201358812,,
Fname66,Lname66,5365427320339665046,,
Fname67,Lname67,5283826885584150858,,
Fname68,Lname68,7529748616899002922,,
Fname69,Lname69,3363116881120449345,,
Fname70,Lname70,371004153083666004,,
Fname71,Lname71,718085926248680221,,
Fname72,Lname72,753972202666005859,,
Fname73,Lname73,4896133813004489327,,
Fname74,Lname74,810478230048934090,,
Fname75,Lname75,2748190297768319846,,
Fname76,Lname76,8995020984479909107,,
Fname77,Lname77,8440380947067708739,,
Fname78,Lname78,7131914372771174584,,
Fname79,Lname79,2654328827915842686,,
Fname80,Lname80,6401683947074892786,,
Fname81,Lname81,8376693801166512818,,
Fname82,Lname82,8251190321977221491,,
Fname83,Lname83,5886456182933661442,,
Fname84,Lname84,8805315675093917589,,
Fname85,Lname85,6771963193462860394,,
Fname86,Lname86,1241274182450001064,,
Fname87,Lname87,7328170200372458115,,
Fname88,Lname88,6711321340356066382,,
Fname89,Lname89,4848531561425139562,,
